<metadata xml:lang="en"><Esri><CreaDate>20190919</CreaDate><CreaTime>10193900</CreaTime><ArcGISFormat>1.0</ArcGISFormat><ArcGISstyle>FGDC CSDGM Metadata</ArcGISstyle><SyncOnce>FALSE</SyncOnce><DataProperties><itemProps><itemName Sync="TRUE">Pipelines_Shapefile</itemName><itemLocation><linkage Sync="TRUE">file://\\ISENOLNA04\Groups\OIMS\TDMS\GIS\Metadata\MASMetaDataTemplates.gdb</linkage><protocol Sync="TRUE">Local Area Network</protocol></itemLocation><imsContentType Sync="TRUE" export="False">002</imsContentType></itemProps><coordRef><type Sync="TRUE">Geographic</type><geogcsn Sync="TRUE">GCS_North_American_1927</geogcsn><csUnits Sync="TRUE">Angular Unit: Degree (0.017453)</csUnits><peXml Sync="TRUE">&lt;GeographicCoordinateSystem xsi:type='typens:GeographicCoordinateSystem' xmlns:xsi='http://www.w3.org/2001/XMLSchema-instance' xmlns:xs='http://www.w3.org/2001/XMLSchema' xmlns:typens='http://www.esri.com/schemas/ArcGIS/10.8'&gt;&lt;WKT&gt;GEOGCS[&amp;quot;GCS_North_American_1927&amp;quot;,DATUM[&amp;quot;D_North_American_1927&amp;quot;,SPHEROID[&amp;quot;Clarke_1866&amp;quot;,6378206.4,294.9786982]],PRIMEM[&amp;quot;Greenwich&amp;quot;,0.0],UNIT[&amp;quot;Degree&amp;quot;,0.0174532925199433],AUTHORITY[&amp;quot;EPSG&amp;quot;,4267]]&lt;/WKT&gt;&lt;XOrigin&gt;-400&lt;/XOrigin&gt;&lt;YOrigin&gt;-400&lt;/YOrigin&gt;&lt;XYScale&gt;999999999.99999988&lt;/XYScale&gt;&lt;ZOrigin&gt;-100000&lt;/ZOrigin&gt;&lt;ZScale&gt;10000&lt;/ZScale&gt;&lt;MOrigin&gt;-100000&lt;/MOrigin&gt;&lt;MScale&gt;10000&lt;/MScale&gt;&lt;XYTolerance&gt;8.9830550972891565e-09&lt;/XYTolerance&gt;&lt;ZTolerance&gt;0.001&lt;/ZTolerance&gt;&lt;MTolerance&gt;0.001&lt;/MTolerance&gt;&lt;HighPrecision&gt;true&lt;/HighPrecision&gt;&lt;LeftLongitude&gt;-180&lt;/LeftLongitude&gt;&lt;WKID&gt;4267&lt;/WKID&gt;&lt;LatestWKID&gt;4267&lt;/LatestWKID&gt;&lt;/GeographicCoordinateSystem&gt;</peXml></coordRef></DataProperties><SyncDate>20240531</SyncDate><SyncTime>10161100</SyncTime><ModDate>20240531</ModDate><ModTime>10171800</ModTime><scaleRange><minScale>150000000</minScale><maxScale>5000</maxScale></scaleRange><ArcGISProfile>ISO19139</ArcGISProfile></Esri><mdLang><languageCode value="eng"/><countryCode value="USA" Sync="TRUE"/></mdLang><mdChar><CharSetCd value="004"/></mdChar><mdHrLv><ScopeCd value="005"/></mdHrLv><mdStanName>ArcGIS Metadata</mdStanName><mdStanVer>1.0</mdStanVer><dataIdInfo><idCitation xmlns=""><resTitle Sync="FALSE">Pipelines - Shapefile</resTitle><presForm xmlns=""><PresFormCd value="005" Sync="TRUE"/><fgdcGeoform>vector digital data</fgdcGeoform></presForm><citRespParty xmlns=""><rpOrgName>Bureau of Safety and Environmental Enforcement, Office of Technical Data Management, Data Administration Unit</rpOrgName><rpCntInfo xmlns=""><cntAddress addressType="both"><delPoint>1201 Elmwood Park Blvd</delPoint><city>New Orleans</city><adminArea>LA</adminArea><postCode>70123</postCode><eMailAdd>tdm@bsee.gov</eMailAdd><country>US</country></cntAddress><cntPhone><voiceNum tddtty="">504-736-2887</voiceNum></cntPhone></rpCntInfo><displayName>Bureau of Safety and Environmental Enforcement, Office of Technical Data Management, Data Administration Unit</displayName><role><RoleCd value="006"/></role></citRespParty><resAltTitle>Outer Continental Shelf Oil and Natural Gas Pipelines - Gulf of Mexico Region NAD 27</resAltTitle><date><pubDate>2024-05-31T00:00:00</pubDate><createDate>2024-05-31T00:00:00</createDate></date></idCitation><idCredit>Bureau of Safety and Environmental Enforcement, Office of Technical Data Management, Data Administration Unit</idCredit><resConst><Consts xmlns=""><useLimit>&lt;DIV STYLE="text-align:Left;"&gt;&lt;DIV&gt;&lt;DIV&gt;&lt;DIV STYLE="font-size:12pt"&gt;&lt;P STYLE="margin:0 0 0 0;"&gt;&lt;SPAN&gt;BSEE will not assume any responsibility or liability for damages caused by errors or omissions in the original data set. BSEE has made efforts to ensure the accuracy and reliability of the data; however, some errors may exist. Notifications of errors are appreciated and shall be reported to the BSEE Public Information Office (see contact information below). Data is not intended to be used as legal documentation and shall not be constructed as such. The data was developed within the U.S. Government; no proprietary rights may be attached to them nor may they be sold to the U.S. Government as part of any procurement of ADP products or services. Data is not to be used for navigational purposes.&lt;/SPAN&gt;&lt;/P&gt;&lt;P STYLE="margin:0 0 0 0;"&gt;&lt;SPAN /&gt;&lt;SPAN /&gt;&lt;/P&gt;&lt;P STYLE="text-align:Center;margin:0 0 0 48;"&gt;&lt;SPAN&gt;Gulf of Mexico OCS Region &amp;amp; Atlantic Activities&lt;/SPAN&gt;&lt;/P&gt;&lt;P STYLE="text-align:Center;margin:0 0 0 48;"&gt;&lt;SPAN&gt;Public Information Office&lt;/SPAN&gt;&lt;/P&gt;&lt;P STYLE="text-align:Center;margin:0 0 0 48;"&gt;&lt;SPAN&gt;1201 Elmwood Park Blvd.&lt;/SPAN&gt;&lt;/P&gt;&lt;P STYLE="text-align:Center;margin:0 0 0 48;"&gt;&lt;SPAN&gt;New Orleans, LA 70123-2394&lt;/SPAN&gt;&lt;/P&gt;&lt;P STYLE="text-align:Center;margin:0 0 0 48;"&gt;&lt;SPAN&gt;Phone: 1-800-200-4853&lt;/SPAN&gt;&lt;/P&gt;&lt;P STYLE="margin:0 0 0 0;"&gt;&lt;SPAN /&gt;&lt;SPAN /&gt;&lt;/P&gt;&lt;P STYLE="text-align:Center;margin:0 0 0 48;"&gt;&lt;SPAN&gt;For more information please visit our webpage:&lt;/SPAN&gt;&lt;/P&gt;&lt;P STYLE="text-align:Center;margin:0 0 0 48;"&gt;&lt;SPAN&gt;&lt;A href="https://www.bsee.gov/"&gt;&lt;SPAN&gt;https://www.bsee.gov/&lt;/SPAN&gt;&lt;/A&gt;&lt;/SPAN&gt;&lt;/P&gt;&lt;P STYLE="text-align:Center;margin:0 0 0 48;"&gt;&lt;SPAN /&gt;&lt;SPAN /&gt;&lt;/P&gt;&lt;P STYLE="text-align:Center;margin:0 0 0 48;"&gt;&lt;SPAN&gt;Questions pertaining to geospatial information should be directed via email to the BSEE Technical Data Management Section:&lt;/SPAN&gt;&lt;/P&gt;&lt;P STYLE="text-align:Center;margin:0 0 0 48;"&gt;&lt;SPAN&gt;tdm@bsee.gov&lt;/SPAN&gt;&lt;/P&gt;&lt;/DIV&gt;&lt;/DIV&gt;&lt;/DIV&gt;&lt;/DIV&gt;</useLimit></Consts></resConst><idAbs>&lt;DIV STYLE="text-align:Left;"&gt;&lt;DIV&gt;&lt;DIV&gt;&lt;P&gt;&lt;SPAN&gt;&lt;SPAN&gt;An offshore pipeline (also known as marine, subsea or submarine pipeline) is a pipeline that is laid on the seabed or below it inside a trench. In some cases, the pipeline is mostly on-land but in places it crosses water expanses, such as small seas, straits and rivers. Offshore pipelines are used primarily to carry oil or gas, but transportation of water is also important. A distinction is sometimes made between a flowline and a pipeline. The former is an intra-field pipeline, in the sense that it is used to connect subsea wellheads, manifolds and the platform within a particular development field. The latter, sometimes referred to as an export pipeline, is used to bring the resource to shore. Sizeable pipeline construction projects need to take into account a large number of factors, such as the offshore ecology, geo-hazards and environmental loading – they are often undertaken by multidisciplinary, international teams.&lt;/SPAN&gt;&lt;/SPAN&gt;&lt;/P&gt;&lt;/DIV&gt;&lt;/DIV&gt;&lt;/DIV&gt;</idAbs><searchKeys><keyword>Bureau of Safety and Environmental Enforcement</keyword><keyword>BSEE</keyword><keyword>Outer Continental Shelf</keyword><keyword>OCS</keyword><keyword>Gulf of Mexico</keyword><keyword>GOM</keyword><keyword>Submerged Lands Act Boundary</keyword><keyword>SLA</keyword><keyword>Federal</keyword><keyword>Oil</keyword><keyword>Gas</keyword><keyword>Pipelines</keyword><keyword>National Geospatial Data Asset</keyword><keyword>NGDA</keyword><keyword>Utilities Theme</keyword></searchKeys><idPurp>Current and historic pipeline locations in the Gulf of Mexico Outer Continental Shelf.</idPurp><dataExt xmlns=""><geoEle xmlns=""><GeoBndBox esriExtentType="search"><westBL>-97.373</westBL><eastBL>-81.138</eastBL><northBL>30.386</northBL><southBL>23.822</southBL><exTypeCode>1</exTypeCode></GeoBndBox></geoEle><exDesc>BOEM/BSEE Gulf of Mexico Region</exDesc><tempEle><TempExtent><exTemp><TM_Period xmlns=""><tmBegin>2024-05-31T00:00:00</tmBegin><tmEnd>2024-07-01T00:00:00</tmEnd></TM_Period></exTemp></TempExtent></tempEle><tempEle><TempExtent><exTemp><TM_Instant><tmPosition>2024-05-31T00:00:00</tmPosition></TM_Instant></exTemp></TempExtent></tempEle></dataExt><dataChar><CharSetCd value="004"/></dataChar><idStatus><ProgCd value="001"/></idStatus><resMaint xmlns=""><maintFreq><MaintFreqCd value="005"/></maintFreq><dateNext>2024-07-01T00:00:00</dateNext><maintCont xmlns=""><rpOrgName>Bureau of Safety and Environmental Enforcement, Office of Technical Data Management, Data Administration Unit</rpOrgName><rpCntInfo xmlns=""><cntAddress addressType="both"><delPoint>1201 Elmwood Park Blvd</delPoint><city>New Orleans</city><adminArea>LA</adminArea><postCode>70123</postCode><eMailAdd>tdm@bsee.gov</eMailAdd><country>US</country></cntAddress><cntPhone><voiceNum tddtty="">504-736-2887</voiceNum></cntPhone></rpCntInfo><displayName>Bureau of Safety and Environmental Enforcement, Office of Technical Data Management, Data Administration Unit</displayName><role><RoleCd value="010"/></role></maintCont></resMaint><envirDesc Sync="TRUE"> Version 6.2 (Build 9200) ; Esri ArcGIS 10.8.1.14362</envirDesc><dataLang><languageCode value="eng" Sync="TRUE"/><countryCode value="USA" Sync="TRUE"/></dataLang><spatRpType><SpatRepTypCd value="001" Sync="TRUE"/></spatRpType><idPoC xmlns=""><rpOrgName>Bureau of Safety and Environmental Enforcement, Office of Technical Data Management, Data Administration Unit</rpOrgName><rpCntInfo xmlns=""><cntAddress addressType="both"><delPoint>1201 Elmwood Park Blvd</delPoint><city>New Orleans</city><adminArea>LA</adminArea><postCode>70123</postCode><eMailAdd>tdm@bsee.gov</eMailAdd><country>US</country></cntAddress><cntPhone><voiceNum tddtty="">504-736-2887</voiceNum></cntPhone></rpCntInfo><displayName>Bureau of Safety and Environmental Enforcement, Office of Technical Data Management, Data Administration Unit</displayName><role><RoleCd value="001"/></role></idPoC><resConst><LegConsts xmlns=""><useConsts><RestrictCd value="008"/></useConsts><useLimit>Although these data have been processed successfully on a computer system at the Bureau of Safety and Environmental Enforcement, no warranty expressed or implied is made regarding the accuracy or utility of the data on any other system or for general or scientific purposes, nor shall the act of distribution constitute any such warranty. It is also strongly recommended that careful attention be paid to the contents of the metadata file associated with these data to evaluate data set limitations, restrictions or intended use. The Bureau of Safety and Environmental Enforcement shall not be held liable for improper or incorrect use of the data described and/or contained herein.</useLimit><othConsts>The data was developed within the U.S. Government; no proprietary rights may be attached to them nor may they be sold to the U.S. Government as part of any procurement of ADP products or services.</othConsts></LegConsts></resConst><graphOver xmlns=""><bgFileName>https://bobson.maps.arcgis.com/apps/webappviewer/index.html?id=4f2ae15890cc4885984291ef2576f80f</bgFileName><bgFileDesc>AGOL Web Map depicting the OCS Pipelines and extents in the US Gulf of Mexico</bgFileDesc><bgFileType>ArcGIS Online Web Application</bgFileType></graphOver></dataIdInfo><eainfo><detailed Name="Pipelines_Shapefile" xmlns=""><enttyp><enttypl Sync="TRUE">Pipelines_Shapefile</enttypl><enttypt Sync="FALSE">Shapefile</enttypt><enttypc Sync="TRUE">0</enttypc><enttypd>Linear feature defining the pipeline</enttypd><enttypds>Technical Information Management System (TIMS)</enttypds></enttyp><attr xmlns=""><attrlabl Sync="TRUE">OBJECTID</attrlabl><attalias Sync="TRUE">OBJECTID</attalias><attrtype Sync="TRUE">OID</attrtype><attwidth Sync="TRUE">4</attwidth><atprecis Sync="TRUE">0</atprecis><attscale Sync="TRUE">0</attscale><attrdef Sync="TRUE">Internal feature number.</attrdef><attrdefs Sync="TRUE">Esri</attrdefs><attrdomv><udom Sync="TRUE">Sequential unique whole numbers that are automatically generated.</udom></attrdomv></attr><attr xmlns=""><attrlabl>Shape</attrlabl><attrdef>Feature geometry.</attrdef><attrdefs>ESRI</attrdefs><attrdomv><udom>Coordinates defining the features.</udom></attrdomv><attalias Sync="TRUE">SHAPE</attalias><attrtype Sync="TRUE">Geometry</attrtype><attwidth Sync="TRUE">0</attwidth><atprecis Sync="TRUE">0</atprecis><attscale Sync="TRUE">0</attscale></attr><attr xmlns=""><attrlabl Sync="TRUE">SEGMENT_NU</attrlabl><attalias Sync="TRUE">SEGMENT_NUM</attalias><attrtype Sync="TRUE">Integer</attrtype><attwidth Sync="TRUE">4</attwidth><atprecis Sync="TRUE">0</atprecis><attscale Sync="TRUE">0</attscale><attrdef>The number assigned by MMS to each pipeline segment for purpose of internal identification.</attrdef><attrdefs>Technical Information Management System (TIMS)</attrdefs><attrdomv><rdom><rdommin>0</rdommin><rdommax>9999999</rdommax></rdom></attrdomv></attr><attr xmlns=""><attrlabl>PROD_CODE</attrlabl><attrdef>An indicator of the product being transported through a pipeline.</attrdef><attrdefs>Technical Information Management System (TIMS)</attrdefs><attrdomv><edom><edomv>UMB</edomv><edomvd>UMBILICAL LINE. USUALLY INCLUDES PNEUMATIC OR HYDRAULIC CONT</edomvd><edomvds>Technical Information Management System (TIMS)</edomvds></edom><edom><edomv>G/CH</edomv><edomvd>GAS AND CONDENSATE (H2S)</edomvd><edomvds>Technical Information Management System (TIMS)</edomvds></edom><edom><edomv>METH</edomv><edomvd>METHANOL / GLYCOL</edomvd><edomvds>Technical Information Management System (TIMS)</edomvds></edom><edom><edomv>CSNG</edomv><edomvd>PIPELINE USED AS A PROTECTIVE CASING (CSNG) FOR ANOTHER PIPELINE.</edomvd><edomvds>Technical Information Management System (TIMS)</edomvds></edom><edom><edomv>NGER</edomv><edomvd>NATURAL GAS ENHANCED RECOVERY</edomvd><edomvds>Technical Information Management System (TIMS)</edomvds></edom><edom><edomv>TEST</edomv><edomvd>TEST</edomvd><edomvds>Technical Information Management System (TIMS)</edomvds></edom><edom><edomv>NGL</edomv><edomvd>Natural Gas Liquids</edomvd><edomvds>Technical Information Management System (TIMS)</edomvds></edom><edom><edomv>FLG</edomv><edomvd>FLARE GAS</edomvd><edomvds>Technical Information Management System (TIMS)</edomvds></edom><edom><edomv>SULF</edomv><edomvd>LIQUIFIED SULPHUR OR SLURRIED SULPHER</edomvd><edomvds>Technical Information Management System (TIMS)</edomvds></edom><edom><edomv>UBEH</edomv><edomvd>ELECTRO /HYDRAULIC UMBILICAL</edomvd><edomvds>Technical Information Management System (TIMS)</edomvds></edom><edom><edomv>BLOH</edomv><edomvd>BULK OIL WITH TRACE LEVELS OF HYDROGEN SULFIDE</edomvd><edomvds>Technical Information Management System (TIMS)</edomvds></edom><edom><edomv>H2O</edomv><edomvd>WATER</edomvd><edomvds>Technical Information Management System (TIMS)</edomvds></edom><edom><edomv>GASH</edomv><edomvd>PROCESSED GAS WITH TRACE LEVELS OF HYDROGEN SULFIDE</edomvd><edomvds>Technical Information Management System (TIMS)</edomvds></edom><edom><edomv>COND</edomv><edomvd>CONDENSATE OR DISTILLATE TRANSPORTED DOWNSTREAM OF FIRST PRO</edomvd><edomvds>Technical Information Management System (TIMS)</edomvds></edom><edom><edomv>INJ</edomv><edomvd>GAS INJECTION</edomvd><edomvds>Technical Information Management System (TIMS)</edomvds></edom><edom><edomv>CHEM</edomv><edomvd>CORROSION INHIBITOR OR OTHER CHEMICALS</edomvd><edomvds>Technical Information Management System (TIMS)</edomvds></edom><edom><edomv>SPRE</edomv><edomvd>SPARE</edomvd><edomvds>Technical Information Management System (TIMS)</edomvds></edom><edom><edomv>LGER</edomv><edomvd>LIQUID GAS ENHANCED RECOVERY</edomvd><edomvds>Technical Information Management System (TIMS)</edomvds></edom><edom><edomv>CBLR</edomv><edomvd>RENEWABLE ENERGY POWER CABLE</edomvd><edomvds>Technical Information Management System (TIMS)</edomvds></edom><edom><edomv>LIFT</edomv><edomvd>GAS LIFT</edomvd><edomvds>Technical Information Management System (TIMS)</edomvds></edom><edom><edomv>CO2</edomv><edomvd>CARBON DIOXIDE (SUPPORT ACTIVITY LEASE)</edomvd><edomvds>Technical Information Management System (TIMS)</edomvds></edom><edom><edomv>PWTR</edomv><edomvd>PRESSURIZED WATER (RENEWABLE ENERGY)</edomvd><edomvds>Technical Information Management System (TIMS)</edomvds></edom><edom><edomv>O/W</edomv><edomvd>OIL AND WATER TRANSPORTED AFTER FIRST PROCESSING</edomvd><edomvds>Technical Information Management System (TIMS)</edomvds></edom><edom><edomv>SERV</edomv><edomvd>SERVICE OR UTILITY LINE USED FOR PIGGING AND PIPELINE MAINTE</edomvd><edomvds>Technical Information Management System (TIMS)</edomvds></edom><edom><edomv>SPLY</edomv><edomvd>SUPPLY GAS</edomvd><edomvds>Technical Information Management System (TIMS)</edomvds></edom><edom><edomv>CBLP</edomv><edomvd>POWER CABLE</edomvd><edomvds>Technical Information Management System (TIMS)</edomvds></edom><edom><edomv>OIL</edomv><edomvd>OIL TRANSPORTED AFTER FIRST PROCESSING</edomvd><edomvds>Technical Information Management System (TIMS)</edomvds></edom><edom><edomv>AIR</edomv><edomvd>PNEUMATIC</edomvd><edomvds>Technical Information Management System (TIMS)</edomvds></edom><edom><edomv>OILH</edomv><edomvd>PROCESSED OIL WITH TRACE LEVELS OF HYDROGEN SULFIDE</edomvd><edomvds>Technical Information Management System (TIMS)</edomvds></edom><edom><edomv>BLKO</edomv><edomvd>BULK OIL - FULL WELL STREAM PRODUCTION FROM OIL WELL(S) PRIO</edomvd><edomvds>Technical Information Management System (TIMS)</edomvds></edom><edom><edomv>BLKG</edomv><edomvd>BULK GAS - FULL WELL STREAM PRODUCTION FROM GAS WELL(S) PRIO</edomvd><edomvds>Technical Information Management System (TIMS)</edomvds></edom><edom><edomv>CBLC</edomv><edomvd>A NON-UMBILICAL CABLE SUCH AS FIBER OPTIC/COMMUNICATIONS</edomvd><edomvds>Technical Information Management System (TIMS)</edomvds></edom><edom><edomv>UMBE</edomv><edomvd>ELECTRICAL UMBILICAL</edomvd><edomvds>Technical Information Management System (TIMS)</edomvds></edom><edom><edomv>G/C</edomv><edomvd>GAS AND CONDENSATE SERVICE AFTER FIRST PROCESSING</edomvd><edomvds>Technical Information Management System (TIMS)</edomvds></edom><edom><edomv>G/OH</edomv><edomvd>GAS AND OIL (H2S)</edomvd><edomvds>Technical Information Management System (TIMS)</edomvds></edom><edom><edomv>UMBH</edomv><edomvd>HYDRAULIC UMBILICAL</edomvd><edomvds>Technical Information Management System (TIMS)</edomvds></edom><edom><edomv>G/O</edomv><edomvd>GAS AND OIL SERVICE AFTER FIRST PROCESSING</edomvd><edomvds>Technical Information Management System (TIMS)</edomvds></edom><edom><edomv>UMBC</edomv><edomvd>CHEMICAL UMBILICAL</edomvd><edomvds>Technical Information Management System (TIMS)</edomvds></edom><edom><edomv>GAS</edomv><edomvd>GAS TRANSPORTED AFTER FIRST PROCESSING</edomvd><edomvds>Technical Information Management System (TIMS)</edomvds></edom><edom><edomv>TOW</edomv><edomvd>TOW ROUTE ONLY - NOT A PIPELINE</edomvd><edomvds>Technical Information Management System (TIMS)</edomvds></edom><edom><edomv>ACID</edomv><edomvd>ACID</edomvd><edomvds>Technical Information Management System (TIMS)</edomvds></edom><edom><edomv>LPRO</edomv><edomvd>LIQUID PROPANE</edomvd><edomvds>Technical Information Management System (TIMS)</edomvds></edom><edom><edomv>BLGH</edomv><edomvd>BULK GAS WITH TRACE LEVELS OF HYDROGEN SULFIDE</edomvd><edomvds>Technical Information Management System (TIMS)</edomvds></edom></attrdomv><attalias Sync="TRUE">PROD_CODE</attalias><attrtype Sync="TRUE">String</attrtype><attwidth Sync="TRUE">4</attwidth><atprecis Sync="TRUE">0</atprecis><attscale Sync="TRUE">0</attscale></attr><attr xmlns=""><attrlabl Sync="TRUE">STATUS_COD</attrlabl><attalias Sync="TRUE">STATUS_CODE</attalias><attrtype Sync="TRUE">String</attrtype><attwidth Sync="TRUE">4</attwidth><atprecis Sync="TRUE">0</atprecis><attscale Sync="TRUE">0</attscale><attrdef>An indicator of the current status of the pipeline.</attrdef><attrdefs>Technical Information Management System (TIMS)</attrdefs><attrdomv><edom><edomv>A/C </edomv><edomvd>ABANDONED AND COMBINED</edomvd><edomvds>Technical Information Management System (TIMS)</edomvds></edom><edom><edomv>ABN </edomv><edomvd>ABANDONED</edomvd><edomvds>Technical Information Management System (TIMS)</edomvds></edom><edom><edomv>ACT</edomv><edomvd>ACTIVE</edomvd><edomvds>Technical Information Management System (TIMS)</edomvds></edom><edom><edomv>CNCL</edomv><edomvd>CANCELLED</edomvd><edomvds>Technical Information Management System (TIMS)</edomvds></edom><edom><edomv>COMB</edomv><edomvd>COMBINED</edomvd><edomvds>Technical Information Management System (TIMS)</edomvds></edom><edom><edomv>O/C </edomv><edomvd>OUT AND COMBINED</edomvd><edomvds>Technical Information Management System (TIMS)</edomvds></edom><edom><edomv>OUT</edomv><edomvd>OUT OF SERVICE</edomvd><edomvds>Technical Information Management System (TIMS)</edomvds></edom><edom><edomv>PABN </edomv><edomvd>PROPOSE ABANDONMENT</edomvd><edomvds>Technical Information Management System (TIMS)</edomvds></edom><edom><edomv>PREM</edomv><edomvd>PROPOSE REMOVAL</edomvd><edomvds>Technical Information Management System (TIMS)</edomvds></edom><edom><edomv>PROP</edomv><edomvd>PROPOSED</edomvd><edomvds>Technical Information Management System (TIMS)</edomvds></edom><edom><edomv>R/A </edomv><edomvd>RELINQUISHED AND ABANDONED</edomvd><edomvds>Technical Information Management System (TIMS)</edomvds></edom><edom><edomv>R/C </edomv><edomvd>RELINQUISHED AND COMBINED</edomvd><edomvds>Technical Information Management System (TIMS)</edomvds></edom><edom><edomv>R/R </edomv><edomvd>RELINQUISHED AND REMOVED</edomvd><edomvds>Technical Information Management System (TIMS)</edomvds></edom><edom><edomv>RELQ</edomv><edomvd>RELINQUISHED</edomvd><edomvds>Technical Information Management System (TIMS)</edomvds></edom><edom><edomv>REM</edomv><edomvd>REMOVED</edomvd><edomvds>Technical Information Management System (TIMS)</edomvds></edom></attrdomv></attr><attr xmlns=""><attrlabl Sync="TRUE">PPL_SIZE_C</attrlabl><attalias Sync="TRUE">PPL_SIZE_CODE</attalias><attrtype Sync="TRUE">String</attrtype><attwidth Sync="TRUE">6</attwidth><atprecis Sync="TRUE">0</atprecis><attscale Sync="TRUE">0</attscale><attrdef>An indicator of the outside diameter of the pipeline.</attrdef><attrdefs>Technical Information Management System (TIMS)</attrdefs><attrvai><attrva>Diameters of pipelines.</attrva></attrvai><attrdomv><edom><edomv>0.5</edomv><edomvd>1/2-inch pipe</edomvd><edomvds>Technical Information Management System (TIMS)</edomvds></edom><edom><edomv>0.75</edomv><edomvd>3/4-inch pipe</edomvd><edomvds>Technical Information Management System (TIMS)</edomvds></edom><edom><edomv>01</edomv><edomvd>1"</edomvd><edomvds>Technical Information Management System (TIMS)</edomvds></edom><edom><edomv>01-02</edomv><edomvd>1" TO 2 7/8"</edomvd><edomvds>Technical Information Management System (TIMS)</edomvds></edom><edom><edomv>01-03</edomv><edomvd>1" TO 3 1/2"</edomvd><edomvds>Technical Information Management System (TIMS)</edomvds></edom><edom><edomv>02</edomv><edomvd>2 1/2" OR 2 7/8"</edomvd><edomvds>Technical Information Management System (TIMS)</edomvds></edom><edom><edomv>02-01</edomv><edomvd>(2 1/2" OR 2 7/8") TO 1"</edomvd><edomvds>Technical Information Management System (TIMS)</edomvds></edom><edom><edomv>02-03 </edomv><edomvd>(2 1/2" OR 2 7/8") TO 3"</edomvd><edomvds>Technical Information Management System (TIMS)</edomvds></edom><edom><edomv>02-04 </edomv><edomvd>(2 1/2" OR 2 7/8") TO 4"</edomvd><edomvds>Technical Information Management System (TIMS)</edomvds></edom><edom><edomv>02-06 </edomv><edomvd>2" to 6"</edomvd><edomvds>Technical Information Management System (TIMS)</edomvds></edom><edom><edomv>03</edomv><edomvd>3 1/2"</edomvd><edomvds>Technical Information Management System (TIMS)</edomvds></edom><edom><edomv>03-01 </edomv><edomvd>3 1/2" TO 1"</edomvd><edomvds>Technical Information Management System (TIMS)</edomvds></edom><edom><edomv>03-02 </edomv><edomvd>3 1/2" TO (2 1/2" OR 2 7/8")</edomvd><edomvds>Technical Information Management System (TIMS)</edomvds></edom><edom><edomv>03-04 </edomv><edomvd>3 1/2" TO 4"</edomvd><edomvds>Technical Information Management System (TIMS)</edomvds></edom><edom><edomv>03-06 </edomv><edomvd>3 1/2" TO 6 5/8"</edomvd><edomvds>Technical Information Management System (TIMS)</edomvds></edom><edom><edomv>04</edomv><edomvd>4"</edomvd><edomvds>Technical Information Management System (TIMS)</edomvds></edom><edom><edomv>04-02 </edomv><edomvd>4" TO (2 1/2" OR 2 7/8")</edomvd><edomvds>Technical Information Management System (TIMS)</edomvds></edom><edom><edomv>04-03 </edomv><edomvd>4" TO 3 1/2"</edomvd><edomvds>Technical Information Management System (TIMS)</edomvds></edom><edom><edomv>04-06 </edomv><edomvd>4" TO 6 5/8"</edomvd><edomvds>Technical Information Management System (TIMS)</edomvds></edom><edom><edomv>05</edomv><edomvd>5"</edomvd><edomvds>Technical Information Management System (TIMS)</edomvds></edom><edom><edomv>06</edomv><edomvd>6 5/8"</edomvd><edomvds>Technical Information Management System (TIMS)</edomvds></edom><edom><edomv>06-03 </edomv><edomvd>6 5/8" TO 3 1/2"</edomvd><edomvds>Technical Information Management System (TIMS)</edomvds></edom><edom><edomv>06-04 </edomv><edomvd>6 5/8" TO 4"</edomvd><edomvds>Technical Information Management System (TIMS)</edomvds></edom><edom><edomv>06-08 </edomv><edomvd>6 5/8" TO 8 5/8"</edomvd><edomvds>Technical Information Management System (TIMS)</edomvds></edom><edom><edomv>07</edomv><edomvd>special 7-inch pipe</edomvd><edomvds>Technical Information Management System (TIMS)</edomvds></edom><edom><edomv>08</edomv><edomvd>8 5/8"</edomvd><edomvds>Technical Information Management System (TIMS)</edomvds></edom><edom><edomv>08-06 </edomv><edomvd>8 5/8" TO 6 5/8"</edomvd><edomvds>Technical Information Management System (TIMS)</edomvds></edom><edom><edomv>08-10 </edomv><edomvd>8 5/8" TO 10 3/4"</edomvd><edomvds>Technical Information Management System (TIMS)</edomvds></edom><edom><edomv>08-12 </edomv><edomvd>8 5/8" to 12 3/4"</edomvd><edomvds>Technical Information Management System (TIMS)</edomvds></edom><edom><edomv>10</edomv><edomvd>10 3/4"</edomvd><edomvds>Technical Information Management System (TIMS)</edomvds></edom><edom><edomv>10-08 </edomv><edomvd>10 3/4" TO 8 5/8"</edomvd><edomvds>Technical Information Management System (TIMS)</edomvds></edom><edom><edomv>10-12 </edomv><edomvd>10 3/4" TO 12 3/4"</edomvd><edomvds>Technical Information Management System (TIMS)</edomvds></edom><edom><edomv>12</edomv><edomvd>12"</edomvd><edomvds>Technical Information Management System (TIMS)</edomvds></edom><edom><edomv>12-10 </edomv><edomvd>12 3/4" TO 10 3/4"</edomvd><edomvds>Technical Information Management System (TIMS)</edomvds></edom><edom><edomv>12-14 </edomv><edomvd>12 3/4" TO 10 3/4"</edomvd><edomvds>Technical Information Management System (TIMS)</edomvds></edom><edom><edomv>14</edomv><edomvd>14"</edomvd><edomvds>Technical Information Management System (TIMS)</edomvds></edom><edom><edomv>14-10 </edomv><edomvd>14" TO 10 3/4"</edomvd><edomvds>Technical Information Management System (TIMS)</edomvds></edom><edom><edomv>14-12 </edomv><edomvd>14" TO 12 3/4"</edomvd><edomvds>Technical Information Management System (TIMS)</edomvds></edom><edom><edomv>14-16 </edomv><edomvd>14" TO 16"</edomvd><edomvds>Technical Information Management System (TIMS)</edomvds></edom><edom><edomv>16</edomv><edomvd>16"</edomvd><edomvds>Technical Information Management System (TIMS)</edomvds></edom><edom><edomv>16-14 </edomv><edomvd>16" TO 14"</edomvd><edomvds>Technical Information Management System (TIMS)</edomvds></edom><edom><edomv>16-18 </edomv><edomvd>16" TO 18"</edomvd><edomvds>Technical Information Management System (TIMS)</edomvds></edom><edom><edomv>18</edomv><edomvd>18"</edomvd><edomvds>Technical Information Management System (TIMS)</edomvds></edom><edom><edomv>18-16 </edomv><edomvd>18" TO 16"</edomvd><edomvds>Technical Information Management System (TIMS)</edomvds></edom><edom><edomv>18-20 </edomv><edomvd>18" TO 20"</edomvd><edomvds>Technical Information Management System (TIMS)</edomvds></edom><edom><edomv>20</edomv><edomvd>20"</edomvd><edomvds>Technical Information Management System (TIMS)</edomvds></edom><edom><edomv>20-18 </edomv><edomvd>20" TO 18"</edomvd><edomvds>Technical Information Management System (TIMS)</edomvds></edom><edom><edomv>20-24 </edomv><edomvd>20" TO 24"</edomvd><edomvds>Technical Information Management System (TIMS)</edomvds></edom><edom><edomv>22</edomv><edomvd>22"</edomvd><edomvds>Technical Information Management System (TIMS)</edomvds></edom><edom><edomv>24</edomv><edomvd>24"</edomvd><edomvds>Technical Information Management System (TIMS)</edomvds></edom><edom><edomv>24-20 </edomv><edomvd>24" TO 20"</edomvd><edomvds>Technical Information Management System (TIMS)</edomvds></edom><edom><edomv>24-26 </edomv><edomvd>24" TO 26"</edomvd><edomvds>Technical Information Management System (TIMS)</edomvds></edom><edom><edomv>24-30 </edomv><edomvd>24" TO 30"</edomvd><edomvds>Technical Information Management System (TIMS)</edomvds></edom><edom><edomv>26</edomv><edomvd>26"</edomvd><edomvds>Technical Information Management System (TIMS)</edomvds></edom><edom><edomv>26-24 </edomv><edomvd>26" TO 24"</edomvd><edomvds>Technical Information Management System (TIMS)</edomvds></edom><edom><edomv>26-30 </edomv><edomvd>26" TO 30"</edomvd><edomvds>Technical Information Management System (TIMS)</edomvds></edom><edom><edomv>28</edomv><edomvd>28"</edomvd><edomvds>Technical Information Management System (TIMS)</edomvds></edom><edom><edomv>30</edomv><edomvd>30"</edomvd><edomvds>Technical Information Management System (TIMS)</edomvds></edom><edom><edomv>30-24 </edomv><edomvd>30" TO 24"</edomvd><edomvds>Technical Information Management System (TIMS)</edomvds></edom><edom><edomv>30-26 </edomv><edomvd>30" TO 26"</edomvd><edomvds>Technical Information Management System (TIMS)</edomvds></edom><edom><edomv>36</edomv><edomvd>36"</edomvd><edomvds>Technical Information Management System (TIMS)</edomvds></edom><edom><edomv>42</edomv><edomvd>42"</edomvd><edomvds>Technical Information Management System (TIMS)</edomvds></edom><edom><edomv>48</edomv><edomvd>48"</edomvd><edomvds>Technical Information Management System (TIMS)</edomvds></edom><edom><edomv>54</edomv><edomvd>54"</edomvd><edomvds>Technical Information Management System (TIMS)</edomvds></edom></attrdomv></attr><attr xmlns=""><attrlabl>ROW_NUMBER</attrlabl><attrdef>An identifier assigned to a pipeline approved under Title 30 CFR 250.250.</attrdef><attrdefs>Technical Information Management System (TIMS)</attrdefs><attrdomv><udom>No domain information is available</udom></attrdomv><attalias Sync="TRUE">ROW_NUMBER</attalias><attrtype Sync="TRUE">String</attrtype><attwidth Sync="TRUE">8</attwidth><atprecis Sync="TRUE">0</atprecis><attscale Sync="TRUE">0</attscale></attr><attr xmlns=""><attrlabl>SEG_LENGTH</attrlabl><attrdef>The length, in feet, of the Federal portion of the pipeline segment. The measurement is taken from the beginning of the pipeline segment and ends at the seaward extent of the coastal State's territorial sea.</attrdef><attrdefs>Technical Information Management System (TIMS)</attrdefs><attrdomv><rdom><rdommin>0</rdommin><rdommax>999999</rdommax><attrunit>Feet</attrunit></rdom></attrdomv><attrdomv><rdom><rdommin>0</rdommin><rdommax>9999999</rdommax><attrunit>Feet</attrunit></rdom></attrdomv><attalias Sync="TRUE">SEG_LENGTH</attalias><attrtype Sync="TRUE">Integer</attrtype><attwidth Sync="TRUE">4</attwidth><atprecis Sync="TRUE">0</atprecis><attscale Sync="TRUE">0</attscale></attr><attr xmlns=""><attrlabl>APRV_CODE</attrlabl><attrdef>An indicator of whether the pipeline segment was approved under lease terms or right-of-way.</attrdef><attrdefs>Technical Information Management System (TIMS)</attrdefs><attrdomv><edom><edomv>R</edomv><edomvd>RIGHT-OF-WAY</edomvd><edomvds>Technical Information Management System (TIMS)</edomvds></edom><edom><edomv>U</edomv><edomvd>RIGHT OF USE AND EASEMENT</edomvd><edomvds>Technical Information Management System (TIMS)</edomvds></edom><edom><edomv>S</edomv><edomvd>STATE</edomvd><edomvds>Technical Information Management System (TIMS)</edomvds></edom><edom><edomv>L</edomv><edomvd>LEASE TERM</edomvd><edomvds>Technical Information Management System (TIMS)</edomvds></edom></attrdomv><attalias Sync="TRUE">APRV_CODE</attalias><attrtype Sync="TRUE">String</attrtype><attwidth Sync="TRUE">1</attwidth><atprecis Sync="TRUE">0</atprecis><attscale Sync="TRUE">0</attscale></attr><attr xmlns=""><attrlabl Sync="TRUE">SDE_COMPAN</attrlabl><attalias Sync="TRUE">SDE_COMPANY_DESG</attalias><attrtype Sync="TRUE">String</attrtype><attwidth Sync="TRUE">30</attwidth><atprecis Sync="TRUE">0</atprecis><attscale Sync="TRUE">0</attscale><attrdef>Concatenated version of the facility operator name for a pipeline. This name appears when the pipeline table is printed on a map.</attrdef><attrdefs>Technical Information Management System (TIMS)</attrdefs><attrdomv><udom>No domain information is available</udom></attrdomv></attr><attr xmlns=""><attrlabl Sync="TRUE">SHAPE_Leng</attrlabl><attalias Sync="TRUE">SHAPE_Length</attalias><attrtype Sync="TRUE">Double</attrtype><attwidth Sync="TRUE">8</attwidth><atprecis Sync="TRUE">0</atprecis><attscale Sync="TRUE">0</attscale><attrdef>Length of feature in internal units.</attrdef><attrdefs>Esri</attrdefs><attrdomv><udom>Positive real numbers that are automatically generated.</udom></attrdomv></attr><attr xmlns=""><attrlabl Sync="TRUE">SHAPE_Length</attrlabl><attalias Sync="TRUE">SHAPE_Length</attalias><attrtype Sync="TRUE">Double</attrtype><attwidth Sync="TRUE">8</attwidth><atprecis Sync="TRUE">0</atprecis><attscale Sync="TRUE">0</attscale><attrdef Sync="TRUE">Length of feature in internal units.</attrdef><attrdefs Sync="TRUE">Esri</attrdefs><attrdomv><udom Sync="TRUE">Positive real numbers that are automatically generated.</udom></attrdomv></attr></detailed></eainfo><distInfo xmlns=""><distFormat xmlns=""><formatName Sync="FALSE">Shapefile</formatName></distFormat><distributor xmlns=""><distorCont xmlns=""><rpOrgName>Bureau of Safety and Environmental Enforcement, Office of Technical Data Management, Data Administration Unit</rpOrgName><rpCntInfo xmlns=""><cntAddress addressType="both"><delPoint>1201 Elmwood Park Blvd</delPoint><city>New Orleans</city><adminArea>LA</adminArea><postCode>70123</postCode><eMailAdd>tdm@bsee.gov</eMailAdd><country>US</country></cntAddress><cntPhone><voiceNum tddtty="">504-736-2887</voiceNum></cntPhone></rpCntInfo><displayName>Bureau of Safety and Environmental Enforcement, Office of Technical Data Management, Data Administration Unit</displayName><role><RoleCd value="005"/></role></distorCont></distributor><distTranOps xmlns=""><onLineSrc xmlns=""><linkage>https://www.data.bsee.gov/Main/Mapping.aspx</linkage></onLineSrc></distTranOps></distInfo><mdHrLvName Sync="TRUE">dataset</mdHrLvName><refSysInfo><RefSystem><refSysID><identCode code="4267" Sync="TRUE"/><idCodeSpace Sync="TRUE">EPSG</idCodeSpace><idVersion Sync="TRUE">9.8(3.0.1)</idVersion></refSysID></RefSystem></refSysInfo><spatRepInfo><VectSpatRep><geometObjs Name="Pipelines_Shapefile"><geoObjTyp><GeoObjTypCd value="002" Sync="TRUE"/></geoObjTyp><geoObjCnt Sync="TRUE">0</geoObjCnt></geometObjs><topLvl><TopoLevCd value="001" Sync="TRUE"/></topLvl></VectSpatRep></spatRepInfo><spdoinfo><ptvctinf><esriterm Name="Pipelines_Shapefile"><efeatyp Sync="TRUE">Simple</efeatyp><efeageom code="3" Sync="TRUE"/><esritopo Sync="TRUE">FALSE</esritopo><efeacnt Sync="TRUE">0</efeacnt><spindex Sync="TRUE">TRUE</spindex><linrefer Sync="TRUE">FALSE</linrefer></esriterm></ptvctinf></spdoinfo><mdDateSt Sync="FALSE">20240531</mdDateSt><mdMaint xmlns=""><maintFreq><MaintFreqCd value="005"/></maintFreq><dateNext>2024-07-01T00:00:00</dateNext><maintCont xmlns=""><rpOrgName>Bureau of Safety and Environmental Enforcement, Office of Technical Data Management, Data Administration Unit</rpOrgName><rpCntInfo xmlns=""><cntAddress addressType="both"><delPoint>1201 Elmwood Park Blvd</delPoint><city>New Orleans</city><adminArea>LA</adminArea><postCode>70123</postCode><eMailAdd>tdm@bsee.gov</eMailAdd><country>US</country></cntAddress><cntPhone><voiceNum tddtty="">504-736-2887</voiceNum></cntPhone></rpCntInfo><displayName>Bureau of Safety and Environmental Enforcement, Office of Technical Data Management, Data Administration Unit</displayName><role><RoleCd value="011"/></role></maintCont></mdMaint><mdContact xmlns=""><rpOrgName>Bureau of Safety and Environmental Enforcement, Office of Technical Data Management, Data Administration Unit</rpOrgName><rpCntInfo xmlns=""><cntAddress addressType="both"><delPoint>1201 Elmwood Park Blvd</delPoint><city>New Orleans</city><adminArea>LA</adminArea><postCode>70123</postCode><eMailAdd>tdm@bsee.gov</eMailAdd><country>US</country></cntAddress><cntPhone><voiceNum tddtty="">504-736-2887</voiceNum></cntPhone></rpCntInfo><displayName>Bureau of Safety and Environmental Enforcement, Office of Technical Data Management, Data Administration Unit</displayName><role><RoleCd value="007"/></role></mdContact><dqInfo xmlns=""><dqScope><scpLvl><ScopeCd value="009"/></scpLvl></dqScope></dqInfo></metadata>